barcode,product_name,brands,categories,text,allergens,has_allergens,allergen_count
00000010,xxx,xxx,"Beverages and beverages preparations, Beverages, Snacks, Desserts, Sweet snacks, Biscuits and cakes, Biscuits and crackers, Biscuits, Cakes, Pound Cake, Madeleines, Plain madeleines","xxx beverages and beverages preparations, beverages, snacks, desserts, sweet snacks, biscuits and cakes, biscuits and crackers, biscuits, cakes, pound cake, madeleines, plain madeleines xxx","['eggs', 'gluten', 'milk']",1,3
00000012,Besan chilla with stuffed chciken,Toneop,"Dietary supplements,Bodybuilding supplements,Groceries,Supplement","besan chilla with stuffed chciken dietary supplements,bodybuilding supplements,groceries,supplement toneop",['milk'],1,1
00000020,Nesquik moins de sucre,Nestlé,"Snacks, Snacks sucrés, Biscuits et gâteaux, Gâteaux, Quatre-quarts, Gâteaux au chocolat, Madeleines, Madeleines au chocolat","nesquik moins de sucre snacks, snacks sucrés, biscuits et gâteaux, gâteaux, quatre-quarts, gâteaux au chocolat, madeleines, madeleines au chocolat nestlé","['eggs', 'gluten', 'milk', 'soybeans']",1,4
00000050,Thermo complete,Bulk Supplements,Compléments alimentaires,thermo complete compléments alimentaires bulk supplements,['celery'],1,1
00000051,Fondants Citron,Lindt,Confitures,fondants citron confitures lindt,"['eggs', 'gluten', 'milk', 'nuts']",1,4
00000055,Calcium,Carbide Forte,"Snacks,Snacks sucrés,Biscuits et gâteaux,Gâteaux,Gâteaux au chocolat,Moelleux au chocolat","calcium snacks,snacks sucrés,biscuits et gâteaux,gâteaux,gâteaux au chocolat,moelleux au chocolat carbide forte","['eggs', 'gluten', 'milk', 'nuts', 'soybeans']",1,5
00000100,Unknown Product,Healthy Home,"Condiments, Sauces, Moutardes, en:groceries","unknown product condiments, sauces, moutardes, en:groceries healthy home",['mustard'],1,1
00000146,Batido nutricional / Nutricional Shake,Herbalife,"Suplementos dietéticos,Suplementos de culturismo,en:Groceries,en:Supplement","batido nutricional / nutricional shake suplementos dietéticos,suplementos de culturismo,en:groceries,en:supplement herbalife","['gluten', 'milk', 'soybeans']",1,3
00000184,Melody,Optimum Nutrition,Compléments alimentaires,melody compléments alimentaires optimum nutrition,"['fish', 'soybeans']",1,2
00000194,Bio Walnusskerne Achtel kerne,Biojoy,"Plant-based foods and beverages, Plant-based foods, Nuts and their products, Nuts, Shelled nuts, Walnuts, Walnut kernels","bio walnusskerne achtel kerne plant-based foods and beverages, plant-based foods, nuts and their products, nuts, shelled nuts, walnuts, walnut kernels biojoy",['nuts'],1,1
00000195,Unknown Product,Pro Fuel,"Compléments alimentaires,Compléments pour le Bodybuilding,Protéines en poudre","unknown product compléments alimentaires,compléments pour le bodybuilding,protéines en poudre pro fuel",['soybeans'],1,1
00000225,bijou cacao,bijou,Unknown Category,bijou cacao unknown category bijou,['soybeans'],1,1
00000227,Bijou Caramel ChocoLait,Bijou,"Snacks, Snacks sucrés, Biscuits et gâteaux, Gâteaux, Pâtisseries, Gâteaux au chocolat, Gâteaux fourrés","bijou caramel chocolait snacks, snacks sucrés, biscuits et gâteaux, gâteaux, pâtisseries, gâteaux au chocolat, gâteaux fourrés bijou","['eggs', 'gluten', 'milk', 'soybeans']",1,4
00000259,Barrette cioccolato e arachidi 1 barretta 35g.,Herbalife,"Botanas,Snacks dulces,Suplementos dietéticos","barrette cioccolato e arachidi 1 barretta 35g. botanas,snacks dulces,suplementos dietéticos herbalife","['milk', 'soybeans']",1,2
00000260,Barritas con proteínas,Herbalife,"Botanas, Snacks dulces, Barritas, Suplementos dietéticos, Suplementos de culturismo, Barritas de proteínas","barritas con proteínas botanas, snacks dulces, barritas, suplementos dietéticos, suplementos de culturismo, barritas de proteínas herbalife","['milk', 'peanuts', 'soybeans']",1,3
00000321,Noix du Brésil,Kazidomi,"Plant-based foods and beverages,Plant-based foods,Fruits and vegetables based foods,Fruits based foods,Nuts and their products,Dried products,Nuts,Dried plant-based foods,Dried fruits,Brazil nuts","noix du brésil plant-based foods and beverages,plant-based foods,fruits and vegetables based foods,fruits based foods,nuts and their products,dried products,nuts,dried plant-based foods,dried fruits,brazil nuts kazidomi","['gluten', 'nuts', 'peanuts', 'sesame-seeds']",1,4
00000383,No chicken kiyvs,Sainsburys,"Meat alternatives, Meat analogues, Breaded products, Chicken kievs substitutes","no chicken kiyvs meat alternatives, meat analogues, breaded products, chicken kievs substitutes sainsburys",['sulphur-dioxide-and-sulphites'],1,1
00000452,Unknown Product,Unknown Brand,Unknown Category,unknown product unknown category unknown brand,['milk'],1,1
00000536,Natural Honey Wildflower,Unknown Brand,"Petit-déjeuners,Produits à tartiner,Produits à tartiner sucrés,Produits de la ruche,Produits d'élevages,Édulcorants,Miels,Fromages à pâte pressée non cuite","natural honey wildflower petit-déjeuners,produits à tartiner,produits à tartiner sucrés,produits de la ruche,produits d'élevages,édulcorants,miels,fromages à pâte pressée non cuite unknown brand",['milk'],1,1
00000636,Ultra thin crust chicken bacon ranch pizza,Sigmature select,"Plant-based foods and beverages, Plant-based foods, Breakfasts, Cereals and potatoes, Cereals and their products, Breakfast cereals, Flakes, Cereal flakes, Rolled flakes, Blend of rolled cereal flakes, Frozen pizza","ultra thin crust chicken bacon ranch pizza plant-based foods and beverages, plant-based foods, breakfasts, cereals and potatoes, cereals and their products, breakfast cereals, flakes, cereal flakes, rolled flakes, blend of rolled cereal flakes, frozen pizza sigmature select",['gluten'],1,1
00000680,Lomo ibérico de bellota,kaban,"Meats and their products, Meats, Pork and its products, Pork, Pork loin, Cured pork loin, Lomo Ibérico, Lomo Ibérico bellota","lomo ibérico de bellota meats and their products, meats, pork and its products, pork, pork loin, cured pork loin, lomo ibérico, lomo ibérico bellota kaban","['gluten', 'soybeans']",1,2
00000721,biscuits cuillers,bijou,"Snacks,Sweet snacks,Biscuits and cakes,Biscuits,Pastries,Dry biscuits,Sponge fingers biscuit","biscuits cuillers snacks,sweet snacks,biscuits and cakes,biscuits,pastries,dry biscuits,sponge fingers biscuit bijou","['eggs', 'gluten']",1,2
00000739,Assortiment d'amandes cacaotés et croustilles,Bijou,"Snacks,Sweet snacks,Cocoa and its products,Confectioneries,Chocolate candies,Bonbons,Chocolate covered nuts,Chocolate covered almonds","assortiment d'amandes cacaotés et croustilles snacks,sweet snacks,cocoa and its products,confectioneries,chocolate candies,bonbons,chocolate covered nuts,chocolate covered almonds bijou","['gluten', 'milk', 'nuts']",1,3
00000751,Multi Collagen Protein,NutriVein,"Dietary supplements,Supplement","multi collagen protein dietary supplements,supplement nutrivein","['eggs', 'fish']",1,2
00000833,saint Michel galettes,st Michel,"Beverages and beverages preparations,Plant-based foods and beverages,Beverages,Plant-based beverages,Fruit-based beverages,Juices and nectars,Fruit juices,Unsweetened beverages,Apple juices,Edible,Laptop,Potato","saint michel galettes beverages and beverages preparations,plant-based foods and beverages,beverages,plant-based beverages,fruit-based beverages,juices and nectars,fruit juices,unsweetened beverages,apple juices,edible,laptop,potato st michel","['peanuts', 'Strontium-90', 'Uranuim-235']",1,3
00000839,Muesli,Amazon solimo,"Plant-based foods and beverages,Plant-based foods,Breakfasts,Cereals and potatoes,Cereals and their products,Breakfast cereals,Mueslis","muesli plant-based foods and beverages,plant-based foods,breakfasts,cereals and potatoes,cereals and their products,breakfast cereals,mueslis amazon solimo","['gluten', 'nuts', 'soybeans']",1,3
00000897,Unknown Product,Unknown Brand,Unknown Category,unknown product unknown category unknown brand,"['gluten', 'soybeans']",1,2
00000953,Herbalife,Herbalife,"Produtos não alimentares, Controle de peso","herbalife produtos não alimentares, controle de peso herbalife","['fish', 'milk', 'soybeans']",1,3
00000987,Unknown Product,Unknown Brand,"Aliments pour bébé, Plats principaux pour bébé, Assiettes pour bébé","unknown product aliments pour bébé, plats principaux pour bébé, assiettes pour bébé unknown brand","['gluten', 'soybeans']",1,2
00000996,Alfajor Dulce de leche,La Quinta,"Botanas, Snacks dulces, Dulces, Alimentos festivos, Gastronomía navideña, Dulces de Navidad, Alfajores","alfajor dulce de leche botanas, snacks dulces, dulces, alimentos festivos, gastronomía navideña, dulces de navidad, alfajores la quinta","['eggs', 'gluten']",1,2
0000101209159,Véritable pâte à tartiner noisettes chocolat noir,Bovetti,"Petit-déjeuners,Produits à tartiner,Produits à tartiner sucrés,Pâtes à tartiner,Pâtes à tartiner aux noisettes,Pâtes à tartiner au chocolat,Pâtes à tartiner aux noisettes et au cacao","véritable pâte à tartiner noisettes chocolat noir petit-déjeuners,produits à tartiner,produits à tartiner sucrés,pâtes à tartiner,pâtes à tartiner aux noisettes,pâtes à tartiner au chocolat,pâtes à tartiner aux noisettes et au cacao bovetti",['nuts'],1,1
0000103224110,Riovida Burst,4life,"Plant-based foods and beverages, Beverages, Plant-based beverages, Fruit-based beverages, Juices and nectars, Fruit juices, Multifruit juices","riovida burst plant-based foods and beverages, beverages, plant-based beverages, fruit-based beverages, juices and nectars, fruit juices, multifruit juices 4life",['milk'],1,1
0000103227577,PRO-TF Chocolate,4life,"Dietary supplements, Bodybuilding supplements, Protein powders","pro-tf chocolate dietary supplements, bodybuilding supplements, protein powders 4life","['eggs', 'milk', 'soybeans']",1,3
0000103529964,impact protein whey,Unknown Brand,Unknown Category,impact protein whey unknown category unknown brand,['milk'],1,1
0000105753078,Bread,Unknown Brand,"Plant-based foods and beverages, Plant-based foods, Cereals and potatoes, Breads","bread plant-based foods and beverages, plant-based foods, cereals and potatoes, breads unknown brand",['milk'],1,1
00001065,boisson à l'aloe vera,Herbalife,"Alimentos y bebidas de origen vegetal, Bebidas, Comidas preparadas, Bebidas de origen vegetal, Bebidas a base de frutas, Suplementos dietéticos, Suplementos de culturismo, en:Supplement, en:groceries","boisson à l'aloe vera alimentos y bebidas de origen vegetal, bebidas, comidas preparadas, bebidas de origen vegetal, bebidas a base de frutas, suplementos dietéticos, suplementos de culturismo, en:supplement, en:groceries herbalife",['Aloe'],1,1
00001100,Cigarettes Fourrées Chocolat Noisettes,BIJOU,"Snacks, Sweet snacks, Biscuits and cakes, Biscuits, fr:Biscuit-patissier-fourres-chocolat-noisette, en:cigarettes","cigarettes fourrées chocolat noisettes snacks, sweet snacks, biscuits and cakes, biscuits, fr:biscuit-patissier-fourres-chocolat-noisette, en:cigarettes bijou","['gluten', 'milk', 'nuts', 'soybeans']",1,4
0000111103201,Isalean,Unknown Brand,Unknown Category,isalean unknown category unknown brand,['milk'],1,1
0000111111231,More Fresh 100% whole wheat bread,More,"Plant-based foods and beverages,Plant-based foods,Cereals and potatoes,Breads","more fresh 100% whole wheat bread plant-based foods and beverages,plant-based foods,cereals and potatoes,breads more","['gluten', 'soybeans']",1,2
0000111301201,Canola Harvest® Original Vegetable Oil Spread Tub,Canola Harvest,Dairy,canola harvest® original vegetable oil spread tub dairy canola harvest,"['milk', 'soybeans']",1,2
0000111301263,"Canola harvest, buttery spread, with flaxseed oil",Canola Harvest,Fats,"canola harvest, buttery spread, with flaxseed oil fats canola harvest",['milk'],1,1
0000112302546,velouté de 10 légumes,Liebig,"Aliments et boissons à base de végétaux, Aliments d'origine végétale, Aliments à base de fruits et de légumes, Plats préparés, Soupes, Veloutés, Soupes de légumes, Veloutés de légumes","velouté de 10 légumes aliments et boissons à base de végétaux, aliments d'origine végétale, aliments à base de fruits et de légumes, plats préparés, soupes, veloutés, soupes de légumes, veloutés de légumes liebig","['celery', 'milk']",1,2
0000112302619,soupe à la chinoise  légumes et vermicelles,liebig,"Plats préparés,Soupes,Soupes de nouilles instantanées","soupe à la chinoise  légumes et vermicelles plats préparés,soupes,soupes de nouilles instantanées liebig","['celery', 'gluten']",1,2
0000112302621,Potiron et vermicelles,Liebig,"Aliments et boissons à base de végétaux, Aliments d'origine végétale, Aliments à base de fruits et de légumes, Légumes et dérivés, Plats préparés, Aliments et boissons à base de légumes, Produits de la plante de courge, Soupes, Veloutés, Courges et dérivés, Soupes de légumes, Veloutés de légumes, Soupes de potiron, Veloutés de potiron","potiron et vermicelles aliments et boissons à base de végétaux, aliments d'origine végétale, aliments à base de fruits et de légumes, légumes et dérivés, plats préparés, aliments et boissons à base de légumes, produits de la plante de courge, soupes, veloutés, courges et dérivés, soupes de légumes, veloutés de légumes, soupes de potiron, veloutés de potiron liebig","['eggs', 'gluten', 'milk']",1,3
0000112302669,Gaspacho à l'andalouse,Liebig,"Plats préparés, Soupes, Soupes froides","gaspacho à l'andalouse plats préparés, soupes, soupes froides liebig",['gluten'],1,1
0000112302676,Velouté de légumes du soleil,Liebig,"Aliments et boissons à base de végétaux, Aliments d'origine végétale, Aliments à base de fruits et de légumes, Conserves, Plats préparés, Soupes, Veloutés, Soupes de légumes, Plats préparés en conserve, Veloutés de légumes, Soupes en conserve, Soupes de légumes en conserve","velouté de légumes du soleil aliments et boissons à base de végétaux, aliments d'origine végétale, aliments à base de fruits et de légumes, conserves, plats préparés, soupes, veloutés, soupes de légumes, plats préparés en conserve, veloutés de légumes, soupes en conserve, soupes de légumes en conserve liebig","['eggs', 'gluten']",1,2
0000112302683,Unknown Product,Unknown Brand,Unknown Category,unknown product unknown category unknown brand,['gluten'],1,1
0000112302688,Unknown Product,Liebig,Unknown Category,unknown product unknown category liebig,['gluten'],1,1
0000112302694,velouté de potiron et graines de courge bio,Liebig,"Plats préparés,Soupes,Soupes de potiron","velouté de potiron et graines de courge bio plats préparés,soupes,soupes de potiron liebig",['milk'],1,1
0000112302705,velouté de tomates et pointe d'origan,Liebig,"Aliments et boissons à base de végétaux, Aliments d'origine végétale, Aliments à base de fruits et de légumes, Plats préparés, Soupes, Soupes de légumes, Soupes de tomate","velouté de tomates et pointe d'origan aliments et boissons à base de végétaux, aliments d'origine végétale, aliments à base de fruits et de légumes, plats préparés, soupes, soupes de légumes, soupes de tomate liebig",['celery'],1,1
0000112302708,Velouté de 10 Légumes,Liebig,"Aliments et boissons à base de végétaux, Aliments d'origine végétale, Aliments à base de fruits et de légumes, Plats préparés, Soupes, Veloutés, Soupes de légumes, Veloutés de légumes","velouté de 10 légumes aliments et boissons à base de végétaux, aliments d'origine végétale, aliments à base de fruits et de légumes, plats préparés, soupes, veloutés, soupes de légumes, veloutés de légumes liebig","['celery', 'milk']",1,2
0000112302711,Velouté de tomates,Liebig,"Aliments et boissons à base de végétaux, Aliments d'origine végétale, Aliments à base de fruits et de légumes, Plats préparés, Soupes, Soupes de légumes, Soupes de tomate","velouté de tomates aliments et boissons à base de végétaux, aliments d'origine végétale, aliments à base de fruits et de légumes, plats préparés, soupes, soupes de légumes, soupes de tomate liebig",['gluten'],1,1
0000112302754,pur soup' mouliné de 5 légumes verts,liebig,"Plats préparés, Soupes, Soupes à réchauffer","pur soup' mouliné de 5 légumes verts plats préparés, soupes, soupes à réchauffer liebig","['celery', 'gluten', 'milk', 'none']",1,4
0000112302755,velouté de tomates,Liebig,Unknown Category,velouté de tomates unknown category liebig,['gluten'],1,1
0000112307254,cèpes & Bolets à la crème fraîche,Liebig,Potage,cèpes & bolets à la crème fraîche potage liebig,['gluten'],1,1
0000112307261,Velouté de 10 légumes,Liebig,"Aliments et boissons à base de végétaux, Aliments d'origine végétale, Aliments à base de fruits et de légumes, Plats préparés, Soupes, Veloutés, Soupes de légumes, Veloutés de légumes","velouté de 10 légumes aliments et boissons à base de végétaux, aliments d'origine végétale, aliments à base de fruits et de légumes, plats préparés, soupes, veloutés, soupes de légumes, veloutés de légumes liebig",['gluten'],1,1
0000112307267,Mouliné de Légumes Verts,Liebig,"Aliments et boissons à base de végétaux, Aliments d'origine végétale, Aliments à base de fruits et de légumes, Plats préparés, Soupes, Soupes de légumes","mouliné de légumes verts aliments et boissons à base de végétaux, aliments d'origine végétale, aliments à base de fruits et de légumes, plats préparés, soupes, soupes de légumes liebig",['gluten'],1,1
0000112407374,Velouté Carotte Potiron Patate douce,Saint Eloi,"Plats préparés, Soupes","velouté carotte potiron patate douce plats préparés, soupes saint eloi",['milk'],1,1
0000112407489,Mouliné de 10 légumes,Liebig,"Aliments et boissons à base de végétaux, Aliments d'origine végétale, Aliments à base de fruits et de légumes, Conserves, Plats préparés, Soupes, Soupes de légumes, Plats préparés en conserve, Soupes en conserve, Soupes de légumes en conserve","mouliné de 10 légumes aliments et boissons à base de végétaux, aliments d'origine végétale, aliments à base de fruits et de légumes, conserves, plats préparés, soupes, soupes de légumes, plats préparés en conserve, soupes en conserve, soupes de légumes en conserve liebig",['gluten'],1,1
0000112407490,Unknown Product,Liebig,"Plant-based foods and beverages, Plant-based foods, Canned foods, Fruits and vegetables based foods, Meals, Soups, Vegetable soups, Canned meals, Canned soups, Canned vegetable soups","unknown product plant-based foods and beverages, plant-based foods, canned foods, fruits and vegetables based foods, meals, soups, vegetable soups, canned meals, canned soups, canned vegetable soups liebig","['celery', 'eggs', 'gluten']",1,3
0000112407493,velouté de potiron,liebig,"Plant-based foods and beverages, Plant-based foods, Fruits and vegetables based foods, Meals, Soups, Vegetable soups, Pumpkin soups, en:cream-of-pumpkin-soups","velouté de potiron plant-based foods and beverages, plant-based foods, fruits and vegetables based foods, meals, soups, vegetable soups, pumpkin soups, en:cream-of-pumpkin-soups liebig",['gluten'],1,1
0000112407504,mouliné  légumes d'autrefois,Liebig,Unknown Category,mouliné  légumes d'autrefois unknown category liebig,['gluten'],1,1
0000112407510,velouté de cresson.,liebig,"Plats préparés,Soupes,Veloutés,soupe de cresson","velouté de cresson. plats préparés,soupes,veloutés,soupe de cresson liebig","['gluten', 'milk']",1,2
00001148,Unknown Product,Unknown Brand,Unknown Category,unknown product unknown category unknown brand,['milk'],1,1
00001171,Formula 1 healthy meal,Herbalife,"Boissons,Produits laitiers,Conserves,Plats préparés,Boissons lactées,Laits aromatisés,Compléments alimentaires,Milkshakes","formula 1 healthy meal boissons,produits laitiers,conserves,plats préparés,boissons lactées,laits aromatisés,compléments alimentaires,milkshakes herbalife","['gluten', 'milk', 'soybeans']",1,3
00001199,Solène céréales poulet,CROUS,Unknown Category,solène céréales poulet unknown category crous,"['eggs', 'mustard']",1,2
00001242,Formula 1 Ciocolat boisson nutritionnelle,GOMAN AS,Compléments alimentaires,formula 1 ciocolat boisson nutritionnelle compléments alimentaires goman as,"['milk', 'soybeans']",1,2
00001249,Croissant Naturel 60g,Coop,"Conservas,Comidas preparadas,Suplementos dietéticos,Suplementos de culturismo,en:Groceries,en:Supplement","croissant naturel 60g conservas,comidas preparadas,suplementos dietéticos,suplementos de culturismo,en:groceries,en:supplement coop",['eggs'],1,1
0000127534563,German fine bread,Unknown Brand,"Plant-based foods and beverages, Plant-based foods, Cereals and potatoes, Breads","german fine bread plant-based foods and beverages, plant-based foods, cereals and potatoes, breads unknown brand",['gluten'],1,1
0000131327786,Lime Cordial,Sainsbury's,Lime Cordial,lime cordial lime cordial sainsbury's,['sulphur-dioxide-and-sulphites'],1,1
0000137007224,Croissant pure beurre X2,Unknown Brand,"Snacks, Snacks sucrés, Viennoiseries, Croissants, Croissants au beurre","croissant pure beurre x2 snacks, snacks sucrés, viennoiseries, croissants, croissants au beurre unknown brand",['milk'],1,1
00001417,Rebuild 24,"Herbalife Nutrition,Herbalife","Dietary supplements, Bodybuilding supplements, Protein shakes","rebuild 24 dietary supplements, bodybuilding supplements, protein shakes herbalife nutrition,herbalife",['milk'],1,1
00001422,Le Jambon de nos Régions,Fleury Michon,"Snacks, Salty snacks, Appetizers, Chips and fries, Meals, Crisps","le jambon de nos régions snacks, salty snacks, appetizers, chips and fries, meals, crisps fleury michon",['milk'],1,1
00001425,Earth Champ Nutritional Vegan Protein,Wyldsson,"Dietary supplements,Bodybuilding supplements,Protein powders","earth champ nutritional vegan protein dietary supplements,bodybuilding supplements,protein powders wyldsson",['banana'],1,1
00001426,Protein Drink Mix,Herbalife,"Meals, Dietary supplements, Bodybuilding supplements, Protein powders","protein drink mix meals, dietary supplements, bodybuilding supplements, protein powders herbalife",['soybeans'],1,1
00001437,Rebuild,Herbalife,"Compléments alimentaires, Compléments pour le Bodybuilding","rebuild compléments alimentaires, compléments pour le bodybuilding herbalife",['milk'],1,1
0000146050146,FORMULA1 SAVEUR COOKIES ET CRÈME,HERBALIFE,"Compléments alimentaires, Compléments pour le Bodybuilding","formula1 saveur cookies et crème compléments alimentaires, compléments pour le bodybuilding herbalife","['gluten', 'milk', 'soybeans']",1,3
0000150484118,Honduran king prawns M&S,Unknown Brand,Cooked Prawns,honduran king prawns m&s cooked prawns unknown brand,['crustaceans'],1,1
00001522,Seitán a la plancha,Hacendado,"Alimentos y bebidas de origen vegetal, Alimentos de origen vegetal, Cereales y patatas, Cereales y derivados, en:Meat alternatives, Carnes vegetales, Seitanes","seitán a la plancha alimentos y bebidas de origen vegetal, alimentos de origen vegetal, cereales y patatas, cereales y derivados, en:meat alternatives, carnes vegetales, seitanes hacendado",['gluten'],1,1
00001526,Sourdough Bread sliced,Trader Joe’s,"Plant-based foods and beverages, Plant-based foods, Cereals and potatoes, Breads, Sliced breads","sourdough bread sliced plant-based foods and beverages, plant-based foods, cereals and potatoes, breads, sliced breads trader joe’s",['gluten'],1,1
0000155011159,Mini chaussons à la compote de pomme,Intermarché,"Snacks,Snacks sucrés,Viennoiseries,Chaussons aux pommes","mini chaussons à la compote de pomme snacks,snacks sucrés,viennoiseries,chaussons aux pommes intermarché","['gluten', 'milk']",1,2
00001664,Brins de ChocoCaramel,Bijou,"Snacks, Snacks sucrés, Biscuits et gâteaux, Biscuits, Biscuits au chocolat, Biscuits au chocolat au lait, Biscuits au caramel","brins de chococaramel snacks, snacks sucrés, biscuits et gâteaux, biscuits, biscuits au chocolat, biscuits au chocolat au lait, biscuits au caramel bijou","['gluten', 'milk', 'soybeans']",1,3
0000168175589,"Mcvitie's, digestives cheesecake, lemon",Mcvitie's,"Snacks, Sweet snacks, Biscuits and cakes, Biscuits","mcvitie's, digestives cheesecake, lemon snacks, sweet snacks, biscuits and cakes, biscuits mcvitie's",['milk'],1,1
0000168178238,"Mcvitie's, mini gingerbread men, milk chocolate",Mcvitie's,"Snacks, Sweet snacks, Biscuits and cakes, Biscuits","mcvitie's, mini gingerbread men, milk chocolate snacks, sweet snacks, biscuits and cakes, biscuits mcvitie's",['milk'],1,1
0000170330815,Milk Duds,Hershey Company,Unknown Category,milk duds unknown category hershey company,"['milk', 'soybeans']",1,2
0000182602460,Isabar,Isagenix,"Botanas, Snacks dulces, Barritas, Barritas de cereales","isabar botanas, snacks dulces, barritas, barritas de cereales isagenix","['eggs', 'gluten', 'milk', 'nuts', 'soybeans', 'Arroz']",1,6
00001922,Boisson nutritionnelle vanille creme,herbalife,Compléments alimentaires,boisson nutritionnelle vanille creme compléments alimentaires herbalife,"['milk', 'soybeans']",1,2
00001941,Mandeln Naturbelassen,Dattelmann,"Pflanzliche Lebensmittel und Getränke, Pflanzliche Lebensmittel, Nüsse und Nussprodukte, Nüsse, Mandeln, Ganze Mandeln","mandeln naturbelassen pflanzliche lebensmittel und getränke, pflanzliche lebensmittel, nüsse und nussprodukte, nüsse, mandeln, ganze mandeln dattelmann",['nuts'],1,1
0000200000002,Beurre de Cacahuètes Bio,Kazidomi,"Aliments et boissons à base de végétaux, Aliments d'origine végétale, Légumineuses et dérivés, Petit-déjeuners, Produits à tartiner, Fruits à coques et dérivés, Pâtes à tartiner végétales, Produits à tartiner sucrés, Purées d'oléagineux, Beurres de légumineuses, Pâtes à tartiner, Beurres de fruits à coques, Beurres de cacahuètes, Pâte de noix","beurre de cacahuètes bio aliments et boissons à base de végétaux, aliments d'origine végétale, légumineuses et dérivés, petit-déjeuners, produits à tartiner, fruits à coques et dérivés, pâtes à tartiner végétales, produits à tartiner sucrés, purées d'oléagineux, beurres de légumineuses, pâtes à tartiner, beurres de fruits à coques, beurres de cacahuètes, pâte de noix kazidomi",['peanuts'],1,1
0000200000005,Purée de Noix de Cajou grillées Bio,Kazidomi,"Aliments et boissons à base de végétaux, Aliments d'origine végétale, Produits à tartiner, Fruits à coques et dérivés, Pâtes à tartiner végétales, Fruits à coques, Purées d'oléagineux, Beurres de fruits à coques, Purées de noix de cajou, Noix de cajou, Pâte de noix","purée de noix de cajou grillées bio aliments et boissons à base de végétaux, aliments d'origine végétale, produits à tartiner, fruits à coques et dérivés, pâtes à tartiner végétales, fruits à coques, purées d'oléagineux, beurres de fruits à coques, purées de noix de cajou, noix de cajou, pâte de noix kazidomi",['nuts'],1,1
0000200000007,Purée de Sésame Tahini Bio,Kazidomi,"Aliments et boissons à base de végétaux, Aliments d'origine végétale, Petit-déjeuners, Céréales et pommes de terre, Produits à tartiner, Céréales et dérivés, Pâtes à tartiner végétales, Produits à tartiner sucrés, Purées d'oléagineux, Pâtes à tartiner, Purées de céréales, Purées de sésame, Pâte de noix","purée de sésame tahini bio aliments et boissons à base de végétaux, aliments d'origine végétale, petit-déjeuners, céréales et pommes de terre, produits à tartiner, céréales et dérivés, pâtes à tartiner végétales, produits à tartiner sucrés, purées d'oléagineux, pâtes à tartiner, purées de céréales, purées de sésame, pâte de noix kazidomi",['sesame-seeds'],1,1
0000200000008,Purée de Noisettes Sans Sel Bio,Kazidomi,"Aliments et boissons à base de végétaux, Aliments d'origine végétale, Matières grasses, Produits à tartiner, Fruits à coques et dérivés, Pâtes à tartiner végétales, Purées d'oléagineux, Beurres de fruits à coques, Purées de noisette, Pâte de noix","purée de noisettes sans sel bio aliments et boissons à base de végétaux, aliments d'origine végétale, matières grasses, produits à tartiner, fruits à coques et dérivés, pâtes à tartiner végétales, purées d'oléagineux, beurres de fruits à coques, purées de noisette, pâte de noix kazidomi",['nuts'],1,1
0000200000015,Purée d'Amandes Blanches Grillées Bio,Kazidomi,"Aliments et boissons à base de végétaux, Aliments d'origine végétale, Produits à tartiner, Fruits à coques et dérivés, Pâtes à tartiner végétales, Purées d'oléagineux, Beurres de fruits à coques, Purées d'amande, Pâte de noix","purée d'amandes blanches grillées bio aliments et boissons à base de végétaux, aliments d'origine végétale, produits à tartiner, fruits à coques et dérivés, pâtes à tartiner végétales, purées d'oléagineux, beurres de fruits à coques, purées d'amande, pâte de noix kazidomi",['peanuts'],1,1
0000200000016,Purée de Noix de Cajou Crues Bio,Kazidomi,"Aliments et boissons à base de végétaux, Aliments d'origine végétale, Produits à tartiner, Fruits à coques et dérivés, Pâtes à tartiner végétales, Purées d'oléagineux, Beurres de fruits à coques, Purées de noix de cajou, Pâte de noix","purée de noix de cajou crues bio aliments et boissons à base de végétaux, aliments d'origine végétale, produits à tartiner, fruits à coques et dérivés, pâtes à tartiner végétales, purées d'oléagineux, beurres de fruits à coques, purées de noix de cajou, pâte de noix kazidomi",['nuts'],1,1
0000200000020,Unknown Product,Kazidomi,Unknown Category,unknown product unknown category kazidomi,['nuts'],1,1
0000200008321,Chilli Heatwave,Doritos,Unknown Category,chilli heatwave unknown category doritos,"['gluten', 'soybeans']",1,2
0000202330877,Hydro 90 BV 104 Whey Protein,WHYsport,"Whey Protein, en:bodybuilding-supplements","hydro 90 bv 104 whey protein whey protein, en:bodybuilding-supplements whysport",['milk'],1,1
0000203320874,Unknown Product,Lidl,"plant-based-foods-and-beverages, plant-based-foods, cereals-and-potatoes, breads, hr:buns, it:panini-al-cioccolato","unknown product plant-based-foods-and-beverages, plant-based-foods, cereals-and-potatoes, breads, hr:buns, it:panini-al-cioccolato lidl",['gluten'],1,1
0000204286484,Mehrkomponeneten Protein 90 C6 Haselnuß,allfitnessfactory.de,"Nahrungsergänzungsmittel, Nahrungsergänzungen für Bodybuilder, Proteinpulver","mehrkomponeneten protein 90 c6 haselnuß nahrungsergänzungsmittel, nahrungsergänzungen für bodybuilder, proteinpulver allfitnessfactory.de","['milk', 'soybeans', 'Hühnereiweiss', 'Weizenprotein', 'Wheyprotein']",1,5
0000210003280,Whipped Cream Cheese,Unknown Brand,"Dairies, Fermented foods, Fermented milk products, Cheeses","whipped cream cheese dairies, fermented foods, fermented milk products, cheeses unknown brand",['milk'],1,1
00002104,Queso Danbo en fetas,Tremblay,"Lácteos, Comidas fermentadas, Productos fermentados de la leche, Quesos, Quesos daneses, Queso Danbo","queso danbo en fetas lácteos, comidas fermentadas, productos fermentados de la leche, quesos, quesos daneses, queso danbo tremblay",['milk'],1,1
00002119,Unknown Product,Bijou,en:biscuits,unknown product en:biscuits bijou,['soybeans'],1,1
00002155,Madeleines Bijou,Bijou,"Snacks, Snacks sucrés, Biscuits et gâteaux, Gâteaux, Gâteaux au chocolat, Madeleines, Madeleines au chocolat, Madeleines chocolat noisette","madeleines bijou snacks, snacks sucrés, biscuits et gâteaux, gâteaux, gâteaux au chocolat, madeleines, madeleines au chocolat, madeleines chocolat noisette bijou","['eggs', 'gluten', 'milk', 'nuts', 'soybeans']",1,5
0000217122198,Complete,Juice Plus,"Plats préparés,Substituts de repas","complete plats préparés,substituts de repas juice plus",['soybeans'],1,1
0000221608851,Mr Kipling 6 chocolate and caramel Bakewell tarts,Unknown Brand,Unknown Category,mr kipling 6 chocolate and caramel bakewell tarts unknown category unknown brand,"['milk', 'sulphur-dioxide-and-sulphites']",1,2
00002251,Easy Daddy Mac,Hoosier Hill Farm,Cheese sauce mix,easy daddy mac cheese sauce mix hoosier hill farm,['milk'],1,1
00002264,Baguette Poitevin,Crous resto,Unknown Category,baguette poitevin unknown category crous resto,"['gluten', 'milk']",1,2
0000236555909,"Bakers Best, White Bread",Wise Woodworks,"Plant-based foods and beverages, Plant-based foods, Cereals and potatoes, Breads","bakers best, white bread plant-based foods and beverages, plant-based foods, cereals and potatoes, breads wise woodworks",['soybeans'],1,1
0000242305404,Teig-Mix Pfannkuchen,Mondamin,"Pflanzliche Lebensmittel und Getränke,Pflanzliche Lebensmittel,Getreide und Kartoffeln,Getreideprodukte,Kochhelfer,Nachtischmischungen,en:Pancake mixes","teig-mix pfannkuchen pflanzliche lebensmittel und getränke,pflanzliche lebensmittel,getreide und kartoffeln,getreideprodukte,kochhelfer,nachtischmischungen,en:pancake mixes mondamin","['eggs', 'gluten', 'milk']",1,3
0000243969909,animal bar,Unknown Brand,Unknown Category,animal bar unknown category unknown brand,['milk'],1,1
0000250632969,Mehrkomponeneten Protein 90 C6 Banane,allfitnessfactory.de,"Nahrungsergänzungsmittel, Nahrungsergänzungen für Bodybuilder, Proteinpulver","mehrkomponeneten protein 90 c6 banane nahrungsergänzungsmittel, nahrungsergänzungen für bodybuilder, proteinpulver allfitnessfactory.de","['milk', 'soybeans', 'Hühnereiweiss', 'Weizenprotein', 'Wheyprotein']",1,5
00002600,Protein Drink Mix,Herbalife,"Dietary supplements,Bodybuilding supplements,Protein powders,Protein shakes","protein drink mix dietary supplements,bodybuilding supplements,protein powders,protein shakes herbalife","['milk', 'soybeans']",1,2
00002601,Proteinbar with lemon flavour,Herbalife,"en:Snacks,en:Canned foods,en:Sweet snacks,en:Bars,Kosttilskudd,en:Bodybuilding supplements,en:Protein bars","proteinbar with lemon flavour en:snacks,en:canned foods,en:sweet snacks,en:bars,kosttilskudd,en:bodybuilding supplements,en:protein bars herbalife","['eggs', 'milk', 'soybeans']",1,3
0000260814065,Gluten free multigrain bread,Trader Joe's,"Plant-based foods and beverages,Plant-based foods,Cereals and potatoes,Cereals and their products,Specific products,Products for specific diets,Breads,Products without gluten,Gluten-free breads","gluten free multigrain bread plant-based foods and beverages,plant-based foods,cereals and potatoes,cereals and their products,specific products,products for specific diets,breads,products without gluten,gluten-free breads trader joe's",['eggs'],1,1
00002669,Comida equilibrada en barritas sabor chocolate,Herbalife,"Botanas, Snacks dulces, Barritas, Suplementos dietéticos","comida equilibrada en barritas sabor chocolate botanas, snacks dulces, barritas, suplementos dietéticos herbalife","['peanuts', 'soybeans']",1,2
00002716,Tiramisu cappuccino,mamie Nova,"Produits laitiers, Snacks, Desserts, Snacks sucrés, Desserts lactés, Biscuits et gâteaux, Pâtisseries, Tiramisu, Tiramisu au café","tiramisu cappuccino produits laitiers, snacks, desserts, snacks sucrés, desserts lactés, biscuits et gâteaux, pâtisseries, tiramisu, tiramisu au café mamie nova","['eggs', 'gluten', 'milk']",1,3
00002775,Formula 1,"Herbalife,Balance","Meals, Dietary supplements, Meal replacements","formula 1 meals, dietary supplements, meal replacements herbalife,balance",['soybeans'],1,1
0000290153097,Risto piatti fusilli alla Sorrentina senza glutine,Bofrost,Pasti,risto piatti fusilli alla sorrentina senza glutine pasti bofrost,['milk'],1,1
00002955,Chocolat noir sésame complet,Kaoka,"Snacks, Snacks sucrés, Cacao et dérivés, Chocolats, Chocolats noirs, Chocolats noirs en tablette","chocolat noir sésame complet snacks, snacks sucrés, cacao et dérivés, chocolats, chocolats noirs, chocolats noirs en tablette kaoka",['sesame-seeds'],1,1
0000300000335,Unknown Product,Unknown Brand,Baby foods,unknown product baby foods unknown brand,['milk'],1,1
0000300300152,"Nestle, dark truffles grand chocolate",Unknown Brand,"Snacks, Sweet snacks, Cocoa and its products, Confectioneries, Chocolate candies","nestle, dark truffles grand chocolate snacks, sweet snacks, cocoa and its products, confectioneries, chocolate candies unknown brand",['milk'],1,1
